event_id	branch_id	pre_check_text	success_text	failure_text	card_text_success	card_text_failure
3001	1	周会中提到了新项目的技术选型问题，投影仪展示着几种可能的技术方案对比。会议室里弥漫着一种微妙的紧张感，不同技术偏好的同事们小声交流着各自的看法。作为其中的一员，你的意见可能会影响最终决策。	"你简要分析了各方案的优缺点，语调平稳，不偏向任何一方。你的发言基于事实和经验，没有过多个人色彩，也不试图左右决策。
讨论在专业的氛围中继续，各种观点被记录下来供后续评估。没有即时的结论，这很常见——技术选型往往需要更多后续讨论。周会继续进行着其他议题，这只是漫长工作日中的一个小片段。"	你试图陈述自己对技术选型的见解，却在关键细节上卡壳了。你的语句变得紊乱，论点缺乏连贯性，甚至引用了一些已被业内证明有误的案例。\n\n一阵尴尬的沉默笼罩着会议室。同事们交换着意味深长的眼神，仿佛确认了某种预判。\n\n'我们还是继续下一个议题吧。'主持人轻描淡写地说道。\n\n会议继续，但你能感觉到自己的专业形象在同事心中黯淡了几分。这种失败看似微不足道，但在职场的微妙生态中，一次无效表达就足以改变他人对你的评判。		
3002	2	桌面上堆积的工作文件如同一片微型沙漠，每一页都包含着细微的陷阱。办公室里，同事A假装打电话正溜去茶水间，同事B的屏幕上游戏窗口随时准备最小化。领导的脚步声是最好的提醒——所有人的姿势都会在一瞬间变得专业。你捧起咖啡杯，思索着该如何度过这平凡的一天。	你的摸鱼技术炉火纯青——看似专注地盯着屏幕，实则刷着隐蔽的社交媒体；键盘敲击声响亮而规律，写下的却是给朋友的八卦消息。\n\n当领导突然出现在你背后，你行云流水般切换窗口，展示出一份条理分明的工作文档。领导满意地点头离开，而你嘴角微微上扬。这不是欺骗，这是一门错综复杂的生存艺术。到下班时，工作神奇地全部完成了。	你试图浏览社交媒体的手指僵在键盘上——领导不知何时站在了你身后。慌乱中，你不小心关闭了工作文档而非游戏界面。\n\n'这就是你所谓的加急项目？'领导的声音平静得可怕。周围的空气凝固了，同事们假装专注工作，实则竖起了八卦的耳朵。你的脸如同办公室的红色警示灯，亮得刺眼。		
3003	3	公司内网的搜索框成了你无聊时刻的秘密朋友。每次输入看似无关的关键词，总能挖出令人惊讶的内容——过时的制度文件、已离职同事的遗留文档，甚至是高管们语焉不详的会议纪要。这些零散的信息碎片，或许可以拼凑出一个有趣的拼图。	无意间发现的信息往来成了你的宝藏。你像位数字考古学家，顺藤摸瓜挖掘出公司的隐藏规则和漏洞。这些信息像拼图般在你脑海中逐渐成形，你将关键信息巧妙记录在一个无害的Excel表格中。这种来路不明的专业知识如同囤积的粮食，总有派上用场的一天。至少现在，你已经比大多数同事掌握了更多的公司运作逻辑。	过度的好奇心让你点开了被隐藏的文件夹。随着屏幕上信息的展开，你的心跳加速——这是公司即将裁员的名单和计划书。\n\n正当你试图截图保存时，系统管理员的消息弹出："检测到未授权访问。"你急忙断开连接，随后是一阵令人窒息的沉默。		
3004	4	茶水间是办公室信息交流的中心枢纽。早晨，你发现几位同事聚集在那里，声音刻意压低。讨论声随着你的接近而戛然而止，几双眼睛若有所思地打量着你。空气中弥漫着一种微妙的紧张感，仿佛某个重要的秘密正悬在半空中，等待被捕捉。你端起杯子，犹豫着是该装作无意间加入，还是直接询问他们在讨论什么。	你熟练地融入谈话，先是分享了一个无关紧要的小故事，然后不动声色地转向他们刚才的话题。同事们的防备逐渐消融，八卦信息如同温热的咖啡般自然流淌而出—公司内部的人事变动、未公开的项目消息、甚至某些高层的私人关系。\n\n你只是微笑着聆听，不时点头或发出恰到好处的惊叹。离开茶水间时，你已经收获了一箩筐的内部情报，而他们甚至没意识到自己透露了这么多。在信息为王的职场，这种无形的情报网往往比正式会议更有价值。	你试图用一个尴尬的笑话打开局面，却只收获了几声礼貌的假笑。当你直接询问他们在聊什么时，谈话气氛彻底冻结。\n\n"没什么特别的，就是周末的事。"一位同事敷衍道，随即话题转向了天气。你手捧着咖啡站在那里，感觉自己像个局外人。离开时，你听见身后重新响起的窃窃私语，和几声压抑的轻笑。		
3005	5	一天的工作即将结束，同事们陆续收拾东西准备离开。电梯间传来最后几组同事的笑声和道别声，有人邀请你一起去附近新开的餐厅，有人则匆匆赶去接孩子。你望着自己桌面上零散的资料和便签，心中盘算着自己的选择。要不要留下来再多完成一些工作？这个选择完全在于你自己。	加班的寂静有一种奇妙的魔力——没有闲聊的干扰，没有电话铃声的打断，甚至连时间都像被拉长了一般。你的思维变得异常清晰，手指在键盘上的节奏仿佛有了自己的生命。\n\n当最后一个任务得到解决，你靠在椅背上，看着窗外已经布满星星的夜空。这座永不入眠的城市与你一样，仍在不知疲倦地运转着。	办公室的安静原本应该是提高效率的福音，但随着时间推移，这种安静反而变成了一种无形的压力。没有同事的交谈声，没有日常的嘈杂，甚至走廊尽头的灯光闪烁都变得令人不安。\n\n你发现自己的注意力无法集中，眼睛盯着屏幕，思绪却早已飘向远方。手机成了最大的诱惑，每隔几分钟就要查看一次。最终，你疲惫地关上电脑，发现自己浪费了整晚的时间却几乎没有任何有效产出。有时候，固执地延长工作时间并不等于提高生产力，反而可能是对时间最大的浪费。		
3006	6	体育馆会员卡上的有效期提醒你，这份年初充值的决心已经被搁置了大半年。阳光正好，周末的下午似乎在为你提供一个完美的锻炼时机。手机里的健身app依然保持着最后一次的训练记录，那个遥远的日期仿佛在无声地嘲笑着你的懈怠。健身包就在衣柜的角落，等待被拾起或继续被忽视。你站在门口，看着自己略显疲惫的面容和日渐松散的体态，内心天平正在微妙地摇摆着。	"体育馆太远了，路上就要花掉大半个下午"，你给自己找了个合理的借口。健身包被重新塞回衣柜，那个鼓起的轮廓像是一个无声的责备。你选择了一部电影，抱着零食窝在沙发上，试图用另一种方式填满这个空白的下午。电影结束时，窗外的天色已暗，而你除了获得短暂的消遣外，什么也没留下。那种隐约的负罪感如同阴影般滑过心头，让你不得不承诺自己"下个周末一定去健身"——一个你知道可能再次被打破的承诺，就像那些总是被推迟的自我提升计划。	"体育馆太远了，路上就要花掉大半个下午"，你给自己找了个合理的借口。健身包被重新塞回衣柜，那个鼓起的轮廓像是一个无声的责备。你选择了一部电影，抱着零食窝在沙发上，试图用另一种方式填满这个空白的下午。电影结束时，窗外的天色已暗，而你除了获得短暂的消遣外，什么也没留下。那种隐约的负罪感如同阴影般滑过心头，让你不得不承诺自己"下个周末一定去健身"——一个你知道可能再次被打破的承诺，就像那些总是被推迟的自我提升计划。		
3007	7	周末清晨，阳光透过百叶窗在书桌上画出条纹。你面前摊开着精心筛选的学习资料和一杯冒着热气的咖啡。便签上写着今日目标："掌握基础，完成一个小项目"。手机上的学习计划已将这一天切分成数个专注区块，看起来紧凑而充实。窗外的蓝天仿佛在召唤你出门，而床铺的余温依然诱人。你手指轻敲桌面，在"投资自我"和"稍后再说"之间犹豫。笔记本电脑的屏幕映出你纠结的表情，等待你按下开始键或是合上它。	第一个小时总是最难熬的。你强迫自己专注于学习材料，抵抗着分心的冲动。慢慢地，随着概念逐渐清晰，你发现自己进入了一种奇妙的心流状态。时间不再拖沓，而是如同清澈的溪流般流淌。午后，你开始动手实践，将理论转化为具体产出。当问题出现时，你不再像往常一样回避，而是将它们视为拼图的缺失部分。夕阳西下时，你望着屏幕上运行成功的小项目，一种久违的成就感油然而生。这个周末没有虚度，而是在你的技能宝库中刻下了一道实实在在的痕迹。明天的工作，似乎也有了新的切入点。	开始的一小时，你按计划认真钻研学习材料，却发现进度远比预期慢。"也许应该先看看视频教程？"你切换了学习方式，却在视频的背景音乐中渐渐放松了警惕。不知不觉中，你已经点开了推送的娱乐视频。"休息五分钟再继续"，你这样告诉自己，却在社交媒体的信息流中迷失了方向。当你再次看表，已是下午三点，计划中的实践环节变得遥不可及。"今天状态不佳，改天再战"，你合理化地说服自己。笔记本被合上，学习材料整齐地堆放在一旁，等待下一个可能永远不会到来的"最佳时机"。一种微妙的失落感悄然而生，却很快被即将开始的电影掩盖。		
3008	8	周末的午后，阳光透过窗帘缝隙洒在地板上，形成斑驳的光影。你翻看着手机里堆积如山的消息提醒，一种无形的压力如影随形。昨晚梦中惊醒后，那种说不清的焦虑感始终萦绕不去。友人曾提起城郊有座禅寺，据说能带来内心的宁静与希望。你打开地图，发现路程并不遥远。"迷信不过是心灵的安慰剂"，你一向如此告诉别人，但此刻，那个安慰剂的诱惑却前所未有地强烈。窗外的天空湛蓝如洗，似乎在无声地邀请着你走出这个被工作填满的公寓。	禅修中心坐落在一片竹林之中，远离城市的喧嚣。初到时，你对这一切持有怀疑和距离感，甚至在内心嘲笑那些看似过度投入的参与者。引导师的声音平静而不带感情，指导着呼吸的节奏和注意力的聚焦。起初，你的思绪如脱缰的野马般四处游走，工作的压力、人际的摩擦、未来的不确定性轮番登场。但随着时间流逝，那些纷乱的念头渐渐像沉淀的泥沙，落到意识的底层。短短几小时的体验并不能解决实际问题，但当你离开时，内心却多了一份难得的清明。回城的路上，你看到夕阳洒在高楼上的金光，突然意识到，也许真正的改变不在于外界环境，而在于如何看待它们的视角。	抵达禅修中心时，你已经对自己的决定产生了怀疑。周围人的一本正经让你感到格格不入，盘腿坐在蒲团上没多久，双腿就开始发麻。引导师柔和的指令在你听来如同催眠般虚无缥缈，闭上眼睛后，脑海中却依然盘旋着工作的难题和同事的面孔。你偷偷睁眼，看着时钟缓慢移动，心中只盼着这漫长的折磨快点结束。午休时你找了个借口提前离开，对自己浪费了半天时间感到懊恼。开车回城的路上，电台播放着急促的流行音乐，你不自觉地加大了音量，试图盖过内心那个嘲讽的声音："看吧，这种东西根本不适合你。"周末的尝试徒劳无功，而明天，那些未解决的问题依然会如期而至，连同那份未能获得安宁的失落感一起。		
2001	9	试用期考核表格上，最后一项"流程优化与创新"依然空白。茶水间里，你无意中听到几位老员工抱怨部门缺乏高效沟通机制，项目进度全靠私下追问。灵光一现——公司没有正式的周报制度，这会不会是你的机会？一份结构化的周报模板，既能展示你的工作，又能标榜"流程优化"。只是，众所周知，没人喜欢多填表格。手指在键盘上悬停，你犹豫着是推动这个"创新"，还是寻找其他更不招人烦的方式证明自己。	你选择了迂回战术。午餐时，你不经意地向主管提起："注意到团队成员常互相询问项目进度，是否可以尝试一种简化版周报，只需填三点：本周完成、下周计划和需要帮助？我可以先做一个示范。"你的周报简洁明了，突出了自己的贡献又不显得自夸。更巧妙的是，你主动汇总了大家的内容，为主管节省了大量时间。两周后，这个"轻量级信息共享机制"（你刻意避开了"周报"这个词）被主管在部门会议上表扬。	周一例会上，你信心满满地提出了"规范化周报制度"的建议，甚至准备了精美的PPT和复杂的表格模板。话音刚落，会议室里的空气仿佛凝固。同事们的表情从震惊到厌恶，最后定格在一种礼貌的冷漠上。主管微笑着说："感谢你的...主动性，但我们更注重实质而非形式。"。"离开会议室时，你听到有人低声说："幸好没让他通过，否则下一步就是日报了吧？"		
2002	10	项目启动两周了，你注意到与你同期入职的张晓总是在工作时间独自霸占小会议室。每次路过，都能看到他一个人对着电脑，神情专注，但手速快得不像在处理文档。更奇怪的是，只要有人接近会议室，他就会迅速切换屏幕。作为共同负责这个项目的同事，他的表现直接影响到你的绩效评估。截至目前，他提交的工作量明显低于预期，你不禁怀疑他是否在会议室里偷偷"摸鱼"。你思考着是否应该进一步调查这个神秘的会议室行为。	"最近项目挺有挑战的，我发现你好像有自己独特的工作方法，"你轻松地开场，递给他一杯刚泡好的咖啡。这种不带评判的好奇似乎触动了张晓，他的表情从警惕转为微微放松。"我只是喜欢安静的环境，更容易专注，"他解释道，并略带犹豫地补充："其实我在尝试一个优化算法，但不确定能否成功，所以还没跟大家分享。"对话持续了整个午休，你了解到他确实在钻研项目相关的技术难题，而非你最初怀疑的摸鱼。临走前，他甚至表示："如果你有兴趣，改天可以给你看看我的思路。"这次谈话打开了沟通的大门，为可能的合作奠定了基础。	"我注意到你经常自己待在会议室，"你尝试用随意的语气开场，却不慎流露出质疑，"项目进度如何？大家都挺好奇的。"张晓的表情立刻变得戒备，"我按时完成了分配的任务，难道有问题吗？"对话陷入尴尬，你解释自己只是关心项目，但他显然将你的询问视为不信任或监视。"我喜欢独立思考，不习惯随时被打扰，"他冷淡地回应，然后找借口离开了茶水间。接下来的几天，团队会议上他对你的发言保持礼貌但明显疏远的态度。你的直接询问不仅没有获取信息，反而筑起了一道无形的墙。		
2003	11	项目启动两周了，你注意到与你同期入职的张晓总是在工作时间独自霸占小会议室。每次路过，都能看到他一个人对着电脑，神情专注，但手速快得不像在处理文档。更奇怪的是，只要有人接近会议室，他就会迅速切换屏幕。作为共同负责这个项目的同事，他的表现直接影响到你的绩效评估。截至目前，他提交的工作量明显低于预期，你不禁怀疑他是否在会议室里偷偷"摸鱼"。你思考着是否应该进一步调查这个神秘的会议室行为。	你选择了谨慎的策略，没有直接指控张晓玩游戏，而是以关心项目进度的名义，向主管提出了对团队工作方式的思考。"我注意到有些同事更习惯独立工作空间，比如李明经常使用小会议室，"你委婉地表达，"不知道这是否影响了团队协作和效率？"主管对你的观察力表示认可，并承诺会关注这个问题。第二天的团队会议上，主管不经意地提到了工作透明度的重要性，并建议大家尽量在开放办公区域工作，以便及时沟通。他特意看了李明一眼，说道："如果确实需要会议室，最好能提前在团队日历上标注用途和时间。"这种不点名的提醒既传达了管理期望，又给了李明台阶下。会后，主管私下告诉你继续观察情况，有任何进展可以随时反馈。	你决定向主管反映情况，但可能语气过于指责："张晓总是独占会议室，我怀疑他在工作时间玩游戏。"主管皱起眉头："这是个严重指控，你有确切证据吗？"面对追问，你只能提供零星观察和主观判断，显得底气不足。主管表示会关注此事，但离开时的表情明显带着疑虑。次日，你感觉办公室气氛微妙变化，李明对你明显冷淡，午餐时甚至有同事委婉提醒你："在没有确凿证据的情况下议论同事，可能会被视为职场不当行为。"显然，你的反映方式过于草率，不仅没有解决问题，反而让自己陷入了尴尬境地。主管找你谈话，建议你专注于自己的工作，而非过度关注他人。这次不成功的尝试提醒你，即使有合理怀疑，也需要更专业和策略性的沟通方式。		
2004	12	自从上次坦诚交流后，张晓对你的态度明显友善了许多。今天，他主动发消息邀请你午后去小会议室："想跟你分享一些想法，关于项目的那个难点。"这是深入了解他工作的好机会，或许还能为项目带来突破。但你也有些犹豫——如果他的方案不够成熟，你是应该直接指出问题，还是先给予鼓励？毕竟，批评可能会伤害刚建立的这份信任，而过度认同又可能导致项目走向错误方向。走向会议室的路上，你思考着如何在专业与友善之间找到平衡。	会议室里，张晓向你展示了他这段时间的研究成果——一个优化算法，可以显著提升项目的处理效率。他的解释专业而透彻，你提出的几个问题也得到了合理解答。"其实我一直不太确定这个方向，怕贸然在团队会上分享会显得太冒进，"他坦言。你的真诚支持和建设性反馈让他备受鼓舞，两人一起完善了方案细节。第二天的团队会议上，你鼓励他分享这个创新，并适时补充了几点，展现了良好的团队协作。主管对这个突破表示赞赏，而你和张晓也因此建立了互相欣赏的合作关系。项目后期，你们的配合越来越默契，不仅顺利完成了任务，还为后续协作奠定了良好基础。	张晓热情地向你展示了他的研究成果，但坦白说，你发现这个方案存在几处明显漏洞。或许是过于直接的批评，或许是语气不够委婉，你的反馈似乎打击了他的积极性。"我花了两周时间研究这个方向，"他语气低落，"以为真的找到了突破口。"尽管你试图补救，指出方案的优点，但谈话的氛围已经变得沉重。接下来几天，他回到了独自工作的状态，对你的建议反应冷淡。好在项目最终还是按期完成了基本要求，但那种短暂建立的信任感却明显退减。团队午餐时，你们的互动回到了礼貌但疏远的状态，之前的坦诚交流仿佛昙花一现。		
2005	13	"周五下午三点，办公室的时钟仿佛停滞不前。你正整理着周报数据，忽然注意到隔壁项目部的王经理朝你走来，步伐略显慌张。他的目光闪烁，手中紧握着一叠文件，上面印着""智慧城市A3方案""的标签——你知道这是高总亲自跟进的核心项目。

""那个...小李临时请假了，这个周一要交付的方案可能需要你帮忙修改一下，""王经理放下文件，语气轻松得刻意，""就是一些小细节，不会太麻烦。""

你翻开文件的第一页，满目的红色修改痕迹瞬间刺痛了眼睛。这哪里是""小细节""，分明是一片需要彻底重做的混乱。最令人窒息的是，这个项目你从未参与过，却要在周末前完成从陌生到精通的转变。

办公室的空调似乎变得更冷，周围同事的目光若有若无地扫过来。你的手指在文件边缘微微颤抖，明知是个烫手山芋，却又难以直接拒绝。高总的项目，隔壁部门的锅，你的周末——这个等式无论如何计算都让人窒息。"	"你接过文件，却没有立即承诺。""我需要先了解一下情况，""你说，随即拿起手机，""能否请王经理稍等片刻？""

你走到走廊，给几位信任的同事发了消息，很快拼凑出了事情的全貌——这个方案确实问题重重，但核心难点集中在几个关键模块。你回到座位，向王经理提出了一个折中方案：你可以负责最紧急的三个部分，但其他内容需要他协调原团队成员远程支持。

""我们可以建个临时群，大家各自负责一块，""你的声音镇定而专业，""这样周一交付应该没问题。""

王经理犹豫了一下，但很快意识到这是最合理的解决方案。周末里，你不仅高效完成了自己的部分，还协调整合了所有内容，确保整体一致性。

周一的展示异常顺利。高总看完方案，满意地点头：""团队协作得不错。""散会后，他特意叫住你：""我注意到你在这个项目中的协调作用。有时候，解决问题的方式比解决问题本身更重要。""

这次危机不仅没有成为你的负担，反而成了展示你组织能力和团队意识的舞台。同事们的眼神中多了一份尊重，而你也在这场挑战中看到了自己未曾发现的潜力。"	"""抱歉，王经理，""你努力保持语调平稳，""这个项目我完全没接触过，周末两天根本不可能完成这么多修改。何况，这本来是高总亲自负责的项目...""

你的话音未落，周围几个同事的敲键盘声似乎都停顿了一瞬。王经理的表情瞬间凝固，然后挤出一个难看的笑容：""好吧，我理解...我再想想其他办法。""他拿起文件，脚步沉重地离开了。

周一的晨会上，高总环视一圈，语气平淡地问道：""A3方案的修改完成了吗？""会议室里的空气如同凝固。王经理犹豫了一下，解释说小李请假，方案推迟了，但他巧妙地避开了曾找你求助的细节。

高总只是点点头，没有多说什么，但那一瞬间扫过你的目光让你如坐针毡。会议继续进行，表面上一切如常，但你能感觉到一条无形的线被悄悄划下——在需要团队协作时，谁是可以依赖的人，谁又不是。

这一天剩下的时间里，办公室里的一切都显得过分寻常，却又微妙地不同。没有人提起这件事，但某种难以言说的评价已经在无声中形成。"		
1001	14	"周末商场的奢侈品区域，灯光刻意调暗，让所有商品都显得愈发珍贵。而在那片光影交错中，你看到了一个熟悉的身影——刘晓琴，办公室里那个总是炫耀自己包包、首饰的女人。她正拿着一个价值连城的手包，眼睛里闪烁着胜利的光芒。你忽然很好奇，一个项目经理的薪水，真的能支撑起她奢侈的生活方式吗？"	你缓步走进店内，假装对旁边的商品感兴趣。刘晓琴没有注意到你，她正全神贯注地听店员介绍。'像往常一样，七天内办理退款没有问题，'店员熟练地说，'您可以先拍照发朋友圈。'原来如此，那些她在办公室里炫耀的奢侈品，不过是短暂的过客，一场为了社交媒体而精心策划的表演。这个发现让你忍不住冷笑，在这个物欲横流的时代，连炫富都成了一门需要技巧的艺术。	被虚荣心驱使，你也决定选购一件奢侈品。但当你准备付款时，系统提示余额不足。你尴尬地掏出多张信用卡，甚至动用了应急资金，勉强完成了支付。走出店门，你看到刘晓琴正坐进一辆豪车，挥手向你致意。那一刻，你怀疑自己是不是错了，也许她确实如她所说的那么富有？这次冲动消费不仅没揭开真相，反而让你的财务状况雪上加霜。		
2008	15	"周末的咖啡厅里，你和天笑面对面坐着。阳光透过落地窗洒在桌面上，却照不亮你们之间略显尴尬的气氛。他今天特意选了这个远离公司的位置，但眼神中却带着一丝不满。

""你知道吗，我真的很讨厌这种偷偷摸摸的感觉，""他搅动着面前的咖啡，声音压得很低，""为什么我们要像做贼一样？""

办公室恋情确实需要谨慎。更何况，高总最近对部门关系特别敏感。你看着天笑略显烦躁的表情，思考着该如何处理？"	"你从包里拿出一个精致的礼物盒，轻轻推到他面前。""我知道最近让你受委屈了，""你柔声说道，""但请相信我，这只是暂时的。""

天笑打开盒子，里面是一块他心仪已久的手表。他的表情从惊讶到感动，最后化为一抹温柔的笑意。""你总是知道我想要什么，""他握住你的手，""我明白了，为了我们的未来，这点等待是值得的。""

你们相视一笑，仿佛所有的烦恼都烟消云散。咖啡厅里，阳光依旧温暖，而你们的心也重新靠近。"	"""你看着天笑不满的表情，内心突然涌起一股无名火。既然他这么在意别人的看法，那就让他彻底明白后果。

你深吸一口气，做出了一个艰难的决定。'对不起，'你站起身，声音里带着一丝颤抖，'我觉得我们不应该继续这样下去了。'

天笑的表情从困惑到震惊，最后变成了愤怒。'你什么意思？'他质问道，咖啡杯被重重地放在桌上，发出清脆的碰撞声。

你没有回答，而是直接离开了咖啡厅。回到公司后，你主动找到HR，详细说明了天笑如何在工作场合对你进行骚扰，并表示自己一直处于被动和无奈的状态。'他经常在办公室对我动手动脚，'你低着头，声音里带着委屈，'我真的很害怕，但又不知道该怎么办...'

HR的表情严肃，承诺会妥善处理。然而，你没想到的是...

天笑也找到了HR，拿出了你们的聊天记录和亲密视频。那些你曾经发过的暧昧消息，那些你主动的亲密举动，都成了最有力的证据。

更糟糕的是，这些内容很快被发到了公司论坛上。你的脸在视频中清晰可见，那些你曾经以为甜蜜的互动，此刻都变成了最致命的证据。同事们窃窃私语，眼神中带着异样，而你，从一个'受害者'变成了'心机女'。

试用期结束的评估会上，主管委婉地表示：'考虑到最近的事件影响，公司认为你可能不太适合这个岗位...'你这才意识到，自己的选择不仅伤害了天笑，也毁掉了自己的职场前途。

离开公司的那天，你看到天笑和另一个女同事有说有笑。他看都没看你一眼，仿佛你们之间从未有过任何交集。而你的职场生涯，就这样被一段失败的办公室恋情彻底毁掉了。"""		
2009	16	手机震动，是母亲发来的消息："我和你爸已经到高铁站了，准备去你公司看看。"你盯着这条消息，心跳漏了一拍。父母从老家千里迢迢赶来，说是想看看你在大城市的生活，但字里行间都透着对你工作的担忧。你想起上次视频时，母亲欲言又止的样子，父亲在一旁反复强调"全村都等着看你的出息"。办公室的灯光突然变得刺眼，你看着桌上堆积的文件和下周的deadline，一时不知该如何回应。	你深吸一口气，回复道："妈，我这就去接你们。"放下手机，你快速整理好工作，向老板说明了情况。出乎意料的是，老板很理解："家人难得来一趟，工作的事可以调整。"接下来的几天，你带着父母游览城市，品尝美食，参观你的公司。虽然工作依然忙碌，但你坚持每天抽出时间陪伴。父母看到你整洁的公寓、得体的穿着，还有同事们友善的态度，眼中的担忧渐渐化作了欣慰。临走时，母亲拉着你的手说："看到你过得这么好，我们就放心了。"父亲则难得地拍了拍你的肩膀："好好干，别辜负了这份工作。"送别父母后，你回到办公室，发现同事们都在默默帮你处理了一些工作。这种被理解和支持的感觉，让你对这座城市又多了一份归属感。	你犹豫片刻，回复道："妈，我这几天工作特别忙，要不我让朋友先带你们转转？"电话那头沉默了几秒，母亲的声音突然变得尖锐："忙？你表姐在深圳也是大公司，人家怎么就能请假陪父母？"父亲抢过电话："你二叔家的孩子，去年刚毕业，现在都当上主管了。你看看你，连陪父母的时间都没有，是不是工作能力不行？"你试图解释，但母亲又打断道："村里人都说，在大城市工作的人，都是表面光鲜，其实连个像样的房子都买不起。你该不会也是这样吧？"接下来的几天，你只能通过视频看看父母，听他们抱怨酒店太贵、景点太远，还时不时提起"谁家孩子又升职了"、"谁家孩子又买房了"。周末，你终于抽出时间陪他们吃顿饭，却听到母亲对服务员说："我女儿在大公司上班，这点菜算什么。"父亲则一直盯着你的手机："工作这么忙，工资应该很高吧？怎么还住这么小的房子？"临走时，父母执意不让你送，母亲最后说："你忙你的吧，反正我们也不指望你什么了。看着他们略显佝偻却依然趾高气扬的背影消失在人群中，你突然意识到，有些伤害，不是时间能够治愈的。回到办公室，你望着窗外的夜色，第一次对这座城市的灯火感到一丝陌生...		